{
  "basics": {
    "name": "Pravallika Reddy Rikhala",
    "label": "Programmer",
    "picture": "https://www.linkedin.com/mpr/mpr/AAEAAQAAAAAAAAllAAAAJDlkYTMwMmYzLTQxMWEtNDE0NC1hODBmLWNjY2IyNTMzYjdjZQ.jpg",
    "email": "rpraval1@binghamton.edu",
    "phone": "(972) 336 3657",
    "website": "http://pravallika.me",
    "summary": "Pravallika came to US in the year 2013 to purse her Masters in Computer Science which was successfully completed from Binghamton University in the year 2015. She has worked on various web technologies since then like Python, NodeJS, PHP. Currently she is working at Think Big Solutions on various Javascript based applications. She loves to work on frameworks like MeteorJS, ReactJS, Django, Angular2, Ionic",
    "location": {
      "address": "2008 Quail Ridge Dr",
      "postalCode": "NJ 08536",
      "city": "Plainsboro",
      "countryCode": "US",
      "region": "New Jersey"
    },
    "profiles": [
      {
        "network": "LinkedIn",
        "username": "pravreddy",
        "url": "https://www.linkedin.com/in/pravreddy/"
      },
      {
        "network": "Github",
        "username": "rpraval1",
        "url": "https://github.com/rpraval1/"
      }
    ]
  },
  "work": [
    {
      "company": "Think Big Solutions",
      "position": "Software Developer",
      "website": "http://tbs-team.com",
      "startDate": "October 2016",
      "endDate": "",
      "summary": "A Professional Information Technology Services Provider. Think Big is a “C” Corporation legally formed by a team of experienced and highly qualified Resources in different areas of Information Technology including but not limited to  Peoplesoft, SAP, Software QA, SOX and Other Regulatory Compliance. We offer staffing solutions, Turn-key Solutions and Fixed Fee services to our clients.",
      "highlights": [
        "Built RESTful API service for internal business systems using Django framework",
        "Enhanced Inventory System app to use templates built using React Components"
      ]
    },
    {
      "company": "TeamWorld Inc",
      "position": "PHP Developer",
      "website": "http://www.teamworld.com",
      "startDate": "February 2016",
      "endDate": "July 2016",
      "summary": "Our mission is to lead the industry in providing the best possible customer experience and solutions. We will set ourselves apart in our communication with customers, our handling of orders, the quality of our product, the speed and reliability of our deliveries, and the sense of urgency and commitment with which we handle customer issues.",
      "highlights": []
    }
  ],
  "volunteer": [],
  "education": [
    {
      "institution": "Binghamton University",
      "area": "Computer Science",
      "studyType": "Masters",
      "startDate": "August 2013",
      "endDate": "December 2015",
      "gpa": "3.20",
      "courses": [
        "Information Retreival",
        "Visual Information Processing",
        "Design and Analysis of Algorithms ",
        "Principles of Programming Languages",
        "Program Design and Tools"
      ]
    }
  ],
  "awards": [],
  "publications": [],
  "skills": [
    {
      "name": "Web Development",
      "level": "Master",
      "keywords": [
        "HTML",
        "CSS",
        "Javascript",
        "ES6",
        "MeteorJS",
        "ReactJS",
        "Django",
        "Python",
        "PHP",
        "Semantic UI",
        "Material UI",
        "Bootstrap UI",
        "Angular2",
        "Ionic",
        "RESTful API",
        "Java",
        "MongoDB",
        "MySQL",
        "Laravel",
        "CodeIgniter"
      ]
    }
  ],
  "languages": [
    {
      "language": "English",
      "fluency": "Native speaker"
    },
    {
      "language": "Hindi",
      "fluency": "Native speaker"
    }
  ],
  "interests": [
    {
      "name": "Music",
      "keywords": [
        "Classical",
        "Melody"
      ]
    },
    {
      "name": "Dance",
      "keywords": [
        "Indian Classical",
        "Western Contemporary"
      ]
    }
  ],
  "references": []
}
